track_id,title,artist,album,acousticness,danceability,energy,instrumentalness,key,speechiness,tempo,valence,sec1_tempo,sec1_tempo_confidence,sec1_key,sec1_key_confidence,sec1_mode,sec1_mode_confidence,sec1_duration,sec1_start,genres,release_date
14lkom0xjCyp4H7CAOU7pI,Irish Celebration (P Smoov Remix),['Macklemore & Ryan Lewis'],VS. Redux,0.147,0.73,0.647,6.55e-05,0.0,0.199,149.632,0.712,149.624,0.895,0.0,0.071,1.0,0.612,23.66418,7.64215,"{'genres': ['acoustic', 'afrobeat', 'alt-rock', 'alternative', 'ambient', 'anime', 'black-metal', 'bluegrass', 'blues', 'bossanova', 'brazil', 'breakbeat', 'british', 'cantopop', 'chicago-house', 'children', 'chill', 'classical', 'club', 'comedy', 'country', 'dance', 'dancehall', 'death-metal', 'deep-house', 'detroit-techno', 'disco', 'disney', 'drum-and-bass', 'dub', 'dubstep', 'edm', 'electro', 'electronic', 'emo', 'folk', 'forro', 'french', 'funk', 'garage', 'german', 'gospel', 'goth', 'grindcore', 'groove', 'grunge', 'guitar', 'happy', 'hard-rock', 'hardcore', 'hardstyle', 'heavy-metal', 'hip-hop', 'holidays', 'honky-tonk', 'house', 'idm', 'indian', 'indie', 'indie-pop', 'industrial', 'iranian', 'j-dance', 'j-idol', 'j-pop', 'j-rock', 'jazz', 'k-pop', 'kids', 'latin', 'latino', 'malay', 'mandopop', 'metal', 'metal-misc', 'metalcore', 'minimal-techno', 'movies', 'mpb', 'new-age', 'new-release', 'opera', 'pagode', 'party', 'philippines-opm', 'piano', 'pop', 'pop-film', 'post-dubstep', 'power-pop', 'progressive-house', 'psych-rock', 'punk', 'punk-rock', 'r-n-b', 'rainy-day', 'reggae', 'reggaeton', 'road-trip', 'rock', 'rock-n-roll', 'rockabilly', 'romance', 'sad', 'salsa', 'samba', 'sertanejo', 'show-tunes', 'singer-songwriter', 'ska', 'sleep', 'songwriter', 'soul', 'soundtracks', 'spanish', 'study', 'summer', 'swedish', 'synth-pop', 'tango', 'techno', 'trance', 'trip-hop', 'turkish', 'work-out', 'world-music']}",2010-10-20
50jXnyrzW4mcBBqFTMEoAC,Freeze Me,['Death From Above 1979'],Outrage! Is Now,0.000826,0.511,0.724,0.00019,0.0,0.0311,130.029,0.536,130.013,0.277,0.0,0.813,1.0,0.582,59.06806,15.35767,"{'genres': ['acoustic', 'afrobeat', 'alt-rock', 'alternative', 'ambient', 'anime', 'black-metal', 'bluegrass', 'blues', 'bossanova', 'brazil', 'breakbeat', 'british', 'cantopop', 'chicago-house', 'children', 'chill', 'classical', 'club', 'comedy', 'country', 'dance', 'dancehall', 'death-metal', 'deep-house', 'detroit-techno', 'disco', 'disney', 'drum-and-bass', 'dub', 'dubstep', 'edm', 'electro', 'electronic', 'emo', 'folk', 'forro', 'french', 'funk', 'garage', 'german', 'gospel', 'goth', 'grindcore', 'groove', 'grunge', 'guitar', 'happy', 'hard-rock', 'hardcore', 'hardstyle', 'heavy-metal', 'hip-hop', 'holidays', 'honky-tonk', 'house', 'idm', 'indian', 'indie', 'indie-pop', 'industrial', 'iranian', 'j-dance', 'j-idol', 'j-pop', 'j-rock', 'jazz', 'k-pop', 'kids', 'latin', 'latino', 'malay', 'mandopop', 'metal', 'metal-misc', 'metalcore', 'minimal-techno', 'movies', 'mpb', 'new-age', 'new-release', 'opera', 'pagode', 'party', 'philippines-opm', 'piano', 'pop', 'pop-film', 'post-dubstep', 'power-pop', 'progressive-house', 'psych-rock', 'punk', 'punk-rock', 'r-n-b', 'rainy-day', 'reggae', 'reggaeton', 'road-trip', 'rock', 'rock-n-roll', 'rockabilly', 'romance', 'sad', 'salsa', 'samba', 'sertanejo', 'show-tunes', 'singer-songwriter', 'ska', 'sleep', 'songwriter', 'soul', 'soundtracks', 'spanish', 'study', 'summer', 'swedish', 'synth-pop', 'tango', 'techno', 'trance', 'trip-hop', 'turkish', 'work-out', 'world-music']}",2017-09-08
0nobr3bpEbLBCkHpLCo3ZG,Over my head,['Judah & the Lion'],Pep Talks,0.067,0.456,0.924,0.0,10.0,0.0595,150.972,0.505,150.919,0.551,2.0,0.023,0.0,0.226,20.28658,6.97486,"{'genres': ['acoustic', 'afrobeat', 'alt-rock', 'alternative', 'ambient', 'anime', 'black-metal', 'bluegrass', 'blues', 'bossanova', 'brazil', 'breakbeat', 'british', 'cantopop', 'chicago-house', 'children', 'chill', 'classical', 'club', 'comedy', 'country', 'dance', 'dancehall', 'death-metal', 'deep-house', 'detroit-techno', 'disco', 'disney', 'drum-and-bass', 'dub', 'dubstep', 'edm', 'electro', 'electronic', 'emo', 'folk', 'forro', 'french', 'funk', 'garage', 'german', 'gospel', 'goth', 'grindcore', 'groove', 'grunge', 'guitar', 'happy', 'hard-rock', 'hardcore', 'hardstyle', 'heavy-metal', 'hip-hop', 'holidays', 'honky-tonk', 'house', 'idm', 'indian', 'indie', 'indie-pop', 'industrial', 'iranian', 'j-dance', 'j-idol', 'j-pop', 'j-rock', 'jazz', 'k-pop', 'kids', 'latin', 'latino', 'malay', 'mandopop', 'metal', 'metal-misc', 'metalcore', 'minimal-techno', 'movies', 'mpb', 'new-age', 'new-release', 'opera', 'pagode', 'party', 'philippines-opm', 'piano', 'pop', 'pop-film', 'post-dubstep', 'power-pop', 'progressive-house', 'psych-rock', 'punk', 'punk-rock', 'r-n-b', 'rainy-day', 'reggae', 'reggaeton', 'road-trip', 'rock', 'rock-n-roll', 'rockabilly', 'romance', 'sad', 'salsa', 'samba', 'sertanejo', 'show-tunes', 'singer-songwriter', 'ska', 'sleep', 'songwriter', 'soul', 'soundtracks', 'spanish', 'study', 'summer', 'swedish', 'synth-pop', 'tango', 'techno', 'trance', 'trip-hop', 'turkish', 'work-out', 'world-music']}",2019-08-07
2xu7bTUyvvJMBMi6JXvWAZ,Nikki,['Forever The Sickest Kids'],J.A.C.K.,0.00139,0.532,0.929,0.0,1.0,0.0591,141.073,0.795,141.202,0.699,1.0,0.573,0.0,0.682,14.02993,6.98489,"{'genres': ['acoustic', 'afrobeat', 'alt-rock', 'alternative', 'ambient', 'anime', 'black-metal', 'bluegrass', 'blues', 'bossanova', 'brazil', 'breakbeat', 'british', 'cantopop', 'chicago-house', 'children', 'chill', 'classical', 'club', 'comedy', 'country', 'dance', 'dancehall', 'death-metal', 'deep-house', 'detroit-techno', 'disco', 'disney', 'drum-and-bass', 'dub', 'dubstep', 'edm', 'electro', 'electronic', 'emo', 'folk', 'forro', 'french', 'funk', 'garage', 'german', 'gospel', 'goth', 'grindcore', 'groove', 'grunge', 'guitar', 'happy', 'hard-rock', 'hardcore', 'hardstyle', 'heavy-metal', 'hip-hop', 'holidays', 'honky-tonk', 'house', 'idm', 'indian', 'indie', 'indie-pop', 'industrial', 'iranian', 'j-dance', 'j-idol', 'j-pop', 'j-rock', 'jazz', 'k-pop', 'kids', 'latin', 'latino', 'malay', 'mandopop', 'metal', 'metal-misc', 'metalcore', 'minimal-techno', 'movies', 'mpb', 'new-age', 'new-release', 'opera', 'pagode', 'party', 'philippines-opm', 'piano', 'pop', 'pop-film', 'post-dubstep', 'power-pop', 'progressive-house', 'psych-rock', 'punk', 'punk-rock', 'r-n-b', 'rainy-day', 'reggae', 'reggaeton', 'road-trip', 'rock', 'rock-n-roll', 'rockabilly', 'romance', 'sad', 'salsa', 'samba', 'sertanejo', 'show-tunes', 'singer-songwriter', 'ska', 'sleep', 'songwriter', 'soul', 'soundtracks', 'spanish', 'study', 'summer', 'swedish', 'synth-pop', 'tango', 'techno', 'trance', 'trip-hop', 'turkish', 'work-out', 'world-music']}",2013-01-01
1uNH7kknB8MVkmh6FfDb6W,T-Shirt Weather,['Circa Waves'],Young Chasers (Deluxe),0.00126,0.415,0.95,3.86e-05,4.0,0.0621,160.017,0.552,159.942,0.301,1.0,0.295,0.0,0.505,47.98537,7.83401,"{'genres': ['acoustic', 'afrobeat', 'alt-rock', 'alternative', 'ambient', 'anime', 'black-metal', 'bluegrass', 'blues', 'bossanova', 'brazil', 'breakbeat', 'british', 'cantopop', 'chicago-house', 'children', 'chill', 'classical', 'club', 'comedy', 'country', 'dance', 'dancehall', 'death-metal', 'deep-house', 'detroit-techno', 'disco', 'disney', 'drum-and-bass', 'dub', 'dubstep', 'edm', 'electro', 'electronic', 'emo', 'folk', 'forro', 'french', 'funk', 'garage', 'german', 'gospel', 'goth', 'grindcore', 'groove', 'grunge', 'guitar', 'happy', 'hard-rock', 'hardcore', 'hardstyle', 'heavy-metal', 'hip-hop', 'holidays', 'honky-tonk', 'house', 'idm', 'indian', 'indie', 'indie-pop', 'industrial', 'iranian', 'j-dance', 'j-idol', 'j-pop', 'j-rock', 'jazz', 'k-pop', 'kids', 'latin', 'latino', 'malay', 'mandopop', 'metal', 'metal-misc', 'metalcore', 'minimal-techno', 'movies', 'mpb', 'new-age', 'new-release', 'opera', 'pagode', 'party', 'philippines-opm', 'piano', 'pop', 'pop-film', 'post-dubstep', 'power-pop', 'progressive-house', 'psych-rock', 'punk', 'punk-rock', 'r-n-b', 'rainy-day', 'reggae', 'reggaeton', 'road-trip', 'rock', 'rock-n-roll', 'rockabilly', 'romance', 'sad', 'salsa', 'samba', 'sertanejo', 'show-tunes', 'singer-songwriter', 'ska', 'sleep', 'songwriter', 'soul', 'soundtracks', 'spanish', 'study', 'summer', 'swedish', 'synth-pop', 'tango', 'techno', 'trance', 'trip-hop', 'turkish', 'work-out', 'world-music']}",2015-03-30
70wYA8oYHoMzhRRkARoMhU,When You Were Young,['The Killers'],Sam's Town,0.000152,0.467,0.988,0.0484,11.0,0.112,130.433,0.321,130.32,0.274,4.0,0.661,1.0,0.607,15.18531,4.82412,"{'genres': ['acoustic', 'afrobeat', 'alt-rock', 'alternative', 'ambient', 'anime', 'black-metal', 'bluegrass', 'blues', 'bossanova', 'brazil', 'breakbeat', 'british', 'cantopop', 'chicago-house', 'children', 'chill', 'classical', 'club', 'comedy', 'country', 'dance', 'dancehall', 'death-metal', 'deep-house', 'detroit-techno', 'disco', 'disney', 'drum-and-bass', 'dub', 'dubstep', 'edm', 'electro', 'electronic', 'emo', 'folk', 'forro', 'french', 'funk', 'garage', 'german', 'gospel', 'goth', 'grindcore', 'groove', 'grunge', 'guitar', 'happy', 'hard-rock', 'hardcore', 'hardstyle', 'heavy-metal', 'hip-hop', 'holidays', 'honky-tonk', 'house', 'idm', 'indian', 'indie', 'indie-pop', 'industrial', 'iranian', 'j-dance', 'j-idol', 'j-pop', 'j-rock', 'jazz', 'k-pop', 'kids', 'latin', 'latino', 'malay', 'mandopop', 'metal', 'metal-misc', 'metalcore', 'minimal-techno', 'movies', 'mpb', 'new-age', 'new-release', 'opera', 'pagode', 'party', 'philippines-opm', 'piano', 'pop', 'pop-film', 'post-dubstep', 'power-pop', 'progressive-house', 'psych-rock', 'punk', 'punk-rock', 'r-n-b', 'rainy-day', 'reggae', 'reggaeton', 'road-trip', 'rock', 'rock-n-roll', 'rockabilly', 'romance', 'sad', 'salsa', 'samba', 'sertanejo', 'show-tunes', 'singer-songwriter', 'ska', 'sleep', 'songwriter', 'soul', 'soundtracks', 'spanish', 'study', 'summer', 'swedish', 'synth-pop', 'tango', 'techno', 'trance', 'trip-hop', 'turkish', 'work-out', 'world-music']}",2006-09-27
1FCwkiooaMCY8YpQdSJ0Gc,Cringe - Stripped,['Matt Maeson'],Bank On The Funeral (Stripped),0.876,0.752,0.276,0.0,5.0,0.0463,126.135,0.275,126.133,0.638,2.0,0.595,0.0,0.668,18.32896,28.72143,"{'genres': ['acoustic', 'afrobeat', 'alt-rock', 'alternative', 'ambient', 'anime', 'black-metal', 'bluegrass', 'blues', 'bossanova', 'brazil', 'breakbeat', 'british', 'cantopop', 'chicago-house', 'children', 'chill', 'classical', 'club', 'comedy', 'country', 'dance', 'dancehall', 'death-metal', 'deep-house', 'detroit-techno', 'disco', 'disney', 'drum-and-bass', 'dub', 'dubstep', 'edm', 'electro', 'electronic', 'emo', 'folk', 'forro', 'french', 'funk', 'garage', 'german', 'gospel', 'goth', 'grindcore', 'groove', 'grunge', 'guitar', 'happy', 'hard-rock', 'hardcore', 'hardstyle', 'heavy-metal', 'hip-hop', 'holidays', 'honky-tonk', 'house', 'idm', 'indian', 'indie', 'indie-pop', 'industrial', 'iranian', 'j-dance', 'j-idol', 'j-pop', 'j-rock', 'jazz', 'k-pop', 'kids', 'latin', 'latino', 'malay', 'mandopop', 'metal', 'metal-misc', 'metalcore', 'minimal-techno', 'movies', 'mpb', 'new-age', 'new-release', 'opera', 'pagode', 'party', 'philippines-opm', 'piano', 'pop', 'pop-film', 'post-dubstep', 'power-pop', 'progressive-house', 'psych-rock', 'punk', 'punk-rock', 'r-n-b', 'rainy-day', 'reggae', 'reggaeton', 'road-trip', 'rock', 'rock-n-roll', 'rockabilly', 'romance', 'sad', 'salsa', 'samba', 'sertanejo', 'show-tunes', 'singer-songwriter', 'ska', 'sleep', 'songwriter', 'soul', 'soundtracks', 'spanish', 'study', 'summer', 'swedish', 'synth-pop', 'tango', 'techno', 'trance', 'trip-hop', 'turkish', 'work-out', 'world-music']}",2019-10-18
1MFD6gdVDjFFMM8ItH9ZhI,White Walls (feat. ScHoolboy Q & Hollis),"['Macklemore & Ryan Lewis', 'Macklemore', 'Ryan Lewis', 'Hollis', 'ScHoolboy Q']",The Heist (Deluxe Edition),0.0545,0.768,0.782,0.0,7.0,0.141,116.492,0.842,116.623,0.456,7.0,0.038,1.0,0.393,16.46607,35.21959,"{'genres': ['acoustic', 'afrobeat', 'alt-rock', 'alternative', 'ambient', 'anime', 'black-metal', 'bluegrass', 'blues', 'bossanova', 'brazil', 'breakbeat', 'british', 'cantopop', 'chicago-house', 'children', 'chill', 'classical', 'club', 'comedy', 'country', 'dance', 'dancehall', 'death-metal', 'deep-house', 'detroit-techno', 'disco', 'disney', 'drum-and-bass', 'dub', 'dubstep', 'edm', 'electro', 'electronic', 'emo', 'folk', 'forro', 'french', 'funk', 'garage', 'german', 'gospel', 'goth', 'grindcore', 'groove', 'grunge', 'guitar', 'happy', 'hard-rock', 'hardcore', 'hardstyle', 'heavy-metal', 'hip-hop', 'holidays', 'honky-tonk', 'house', 'idm', 'indian', 'indie', 'indie-pop', 'industrial', 'iranian', 'j-dance', 'j-idol', 'j-pop', 'j-rock', 'jazz', 'k-pop', 'kids', 'latin', 'latino', 'malay', 'mandopop', 'metal', 'metal-misc', 'metalcore', 'minimal-techno', 'movies', 'mpb', 'new-age', 'new-release', 'opera', 'pagode', 'party', 'philippines-opm', 'piano', 'pop', 'pop-film', 'post-dubstep', 'power-pop', 'progressive-house', 'psych-rock', 'punk', 'punk-rock', 'r-n-b', 'rainy-day', 'reggae', 'reggaeton', 'road-trip', 'rock', 'rock-n-roll', 'rockabilly', 'romance', 'sad', 'salsa', 'samba', 'sertanejo', 'show-tunes', 'singer-songwriter', 'ska', 'sleep', 'songwriter', 'soul', 'soundtracks', 'spanish', 'study', 'summer', 'swedish', 'synth-pop', 'tango', 'techno', 'trance', 'trip-hop', 'turkish', 'work-out', 'world-music']}",2012-10-09
0JFTb0IuSJFSCGmVL3imL1,Beautiful Anyway,['Judah & the Lion'],Beautiful Anyway,0.000995,0.282,0.829,3.97e-05,2.0,0.0418,144.221,0.278,144.347,0.412,2.0,0.666,1.0,0.598,31.66816,7.32707,"{'genres': ['acoustic', 'afrobeat', 'alt-rock', 'alternative', 'ambient', 'anime', 'black-metal', 'bluegrass', 'blues', 'bossanova', 'brazil', 'breakbeat', 'british', 'cantopop', 'chicago-house', 'children', 'chill', 'classical', 'club', 'comedy', 'country', 'dance', 'dancehall', 'death-metal', 'deep-house', 'detroit-techno', 'disco', 'disney', 'drum-and-bass', 'dub', 'dubstep', 'edm', 'electro', 'electronic', 'emo', 'folk', 'forro', 'french', 'funk', 'garage', 'german', 'gospel', 'goth', 'grindcore', 'groove', 'grunge', 'guitar', 'happy', 'hard-rock', 'hardcore', 'hardstyle', 'heavy-metal', 'hip-hop', 'holidays', 'honky-tonk', 'house', 'idm', 'indian', 'indie', 'indie-pop', 'industrial', 'iranian', 'j-dance', 'j-idol', 'j-pop', 'j-rock', 'jazz', 'k-pop', 'kids', 'latin', 'latino', 'malay', 'mandopop', 'metal', 'metal-misc', 'metalcore', 'minimal-techno', 'movies', 'mpb', 'new-age', 'new-release', 'opera', 'pagode', 'party', 'philippines-opm', 'piano', 'pop', 'pop-film', 'post-dubstep', 'power-pop', 'progressive-house', 'psych-rock', 'punk', 'punk-rock', 'r-n-b', 'rainy-day', 'reggae', 'reggaeton', 'road-trip', 'rock', 'rock-n-roll', 'rockabilly', 'romance', 'sad', 'salsa', 'samba', 'sertanejo', 'show-tunes', 'singer-songwriter', 'ska', 'sleep', 'songwriter', 'soul', 'soundtracks', 'spanish', 'study', 'summer', 'swedish', 'synth-pop', 'tango', 'techno', 'trance', 'trip-hop', 'turkish', 'work-out', 'world-music']}",2020-05-15
53p7or9OC8PGNnGrd9gLBv,Bubblegum,['Mystery Jets'],Curve Of The Earth,0.0232,0.258,0.723,0.0453,3.0,0.058,81.132,0.344,82.385,0.589,8.0,0.832,1.0,0.65,21.6498,5.31139,"{'genres': ['acoustic', 'afrobeat', 'alt-rock', 'alternative', 'ambient', 'anime', 'black-metal', 'bluegrass', 'blues', 'bossanova', 'brazil', 'breakbeat', 'british', 'cantopop', 'chicago-house', 'children', 'chill', 'classical', 'club', 'comedy', 'country', 'dance', 'dancehall', 'death-metal', 'deep-house', 'detroit-techno', 'disco', 'disney', 'drum-and-bass', 'dub', 'dubstep', 'edm', 'electro', 'electronic', 'emo', 'folk', 'forro', 'french', 'funk', 'garage', 'german', 'gospel', 'goth', 'grindcore', 'groove', 'grunge', 'guitar', 'happy', 'hard-rock', 'hardcore', 'hardstyle', 'heavy-metal', 'hip-hop', 'holidays', 'honky-tonk', 'house', 'idm', 'indian', 'indie', 'indie-pop', 'industrial', 'iranian', 'j-dance', 'j-idol', 'j-pop', 'j-rock', 'jazz', 'k-pop', 'kids', 'latin', 'latino', 'malay', 'mandopop', 'metal', 'metal-misc', 'metalcore', 'minimal-techno', 'movies', 'mpb', 'new-age', 'new-release', 'opera', 'pagode', 'party', 'philippines-opm', 'piano', 'pop', 'pop-film', 'post-dubstep', 'power-pop', 'progressive-house', 'psych-rock', 'punk', 'punk-rock', 'r-n-b', 'rainy-day', 'reggae', 'reggaeton', 'road-trip', 'rock', 'rock-n-roll', 'rockabilly', 'romance', 'sad', 'salsa', 'samba', 'sertanejo', 'show-tunes', 'singer-songwriter', 'ska', 'sleep', 'songwriter', 'soul', 'soundtracks', 'spanish', 'study', 'summer', 'swedish', 'synth-pop', 'tango', 'techno', 'trance', 'trip-hop', 'turkish', 'work-out', 'world-music']}",2016-01-15
7v9Ne4758aGFfFc5avh89h,Let's Dance to Joy Division,['The Wombats'],"Proudly Present... A Guide to Love, Loss & Desperation",0.00125,0.397,0.839,0.0,4.0,0.102,116.947,0.764,117.43,0.509,1.0,0.747,0.0,0.616,16.70213,10.51289,"{'genres': ['acoustic', 'afrobeat', 'alt-rock', 'alternative', 'ambient', 'anime', 'black-metal', 'bluegrass', 'blues', 'bossanova', 'brazil', 'breakbeat', 'british', 'cantopop', 'chicago-house', 'children', 'chill', 'classical', 'club', 'comedy', 'country', 'dance', 'dancehall', 'death-metal', 'deep-house', 'detroit-techno', 'disco', 'disney', 'drum-and-bass', 'dub', 'dubstep', 'edm', 'electro', 'electronic', 'emo', 'folk', 'forro', 'french', 'funk', 'garage', 'german', 'gospel', 'goth', 'grindcore', 'groove', 'grunge', 'guitar', 'happy', 'hard-rock', 'hardcore', 'hardstyle', 'heavy-metal', 'hip-hop', 'holidays', 'honky-tonk', 'house', 'idm', 'indian', 'indie', 'indie-pop', 'industrial', 'iranian', 'j-dance', 'j-idol', 'j-pop', 'j-rock', 'jazz', 'k-pop', 'kids', 'latin', 'latino', 'malay', 'mandopop', 'metal', 'metal-misc', 'metalcore', 'minimal-techno', 'movies', 'mpb', 'new-age', 'new-release', 'opera', 'pagode', 'party', 'philippines-opm', 'piano', 'pop', 'pop-film', 'post-dubstep', 'power-pop', 'progressive-house', 'psych-rock', 'punk', 'punk-rock', 'r-n-b', 'rainy-day', 'reggae', 'reggaeton', 'road-trip', 'rock', 'rock-n-roll', 'rockabilly', 'romance', 'sad', 'salsa', 'samba', 'sertanejo', 'show-tunes', 'singer-songwriter', 'ska', 'sleep', 'songwriter', 'soul', 'soundtracks', 'spanish', 'study', 'summer', 'swedish', 'synth-pop', 'tango', 'techno', 'trance', 'trip-hop', 'turkish', 'work-out', 'world-music']}",2007-11-05
44VMIYttRMiruEmIObpz7P,Ohio,['Andrew McMahon in the Wilderness'],Upside Down Flowers,0.0221,0.398,0.68,8.44e-05,9.0,0.0484,172.047,0.491,172.065,0.463,9.0,0.26,1.0,0.442,44.65412,5.56842,"{'genres': ['acoustic', 'afrobeat', 'alt-rock', 'alternative', 'ambient', 'anime', 'black-metal', 'bluegrass', 'blues', 'bossanova', 'brazil', 'breakbeat', 'british', 'cantopop', 'chicago-house', 'children', 'chill', 'classical', 'club', 'comedy', 'country', 'dance', 'dancehall', 'death-metal', 'deep-house', 'detroit-techno', 'disco', 'disney', 'drum-and-bass', 'dub', 'dubstep', 'edm', 'electro', 'electronic', 'emo', 'folk', 'forro', 'french', 'funk', 'garage', 'german', 'gospel', 'goth', 'grindcore', 'groove', 'grunge', 'guitar', 'happy', 'hard-rock', 'hardcore', 'hardstyle', 'heavy-metal', 'hip-hop', 'holidays', 'honky-tonk', 'house', 'idm', 'indian', 'indie', 'indie-pop', 'industrial', 'iranian', 'j-dance', 'j-idol', 'j-pop', 'j-rock', 'jazz', 'k-pop', 'kids', 'latin', 'latino', 'malay', 'mandopop', 'metal', 'metal-misc', 'metalcore', 'minimal-techno', 'movies', 'mpb', 'new-age', 'new-release', 'opera', 'pagode', 'party', 'philippines-opm', 'piano', 'pop', 'pop-film', 'post-dubstep', 'power-pop', 'progressive-house', 'psych-rock', 'punk', 'punk-rock', 'r-n-b', 'rainy-day', 'reggae', 'reggaeton', 'road-trip', 'rock', 'rock-n-roll', 'rockabilly', 'romance', 'sad', 'salsa', 'samba', 'sertanejo', 'show-tunes', 'singer-songwriter', 'ska', 'sleep', 'songwriter', 'soul', 'soundtracks', 'spanish', 'study', 'summer', 'swedish', 'synth-pop', 'tango', 'techno', 'trance', 'trip-hop', 'turkish', 'work-out', 'world-music']}",2018-11-16
3GNTPWY8u9WBdTrf6Jx5f6,Flux,['Bloc Party'],Flux,0.00052,0.49,0.963,0.00281,1.0,0.148,152.029,0.317,152.119,0.239,9.0,0.615,1.0,0.5,17.76698,9.01626,"{'genres': ['acoustic', 'afrobeat', 'alt-rock', 'alternative', 'ambient', 'anime', 'black-metal', 'bluegrass', 'blues', 'bossanova', 'brazil', 'breakbeat', 'british', 'cantopop', 'chicago-house', 'children', 'chill', 'classical', 'club', 'comedy', 'country', 'dance', 'dancehall', 'death-metal', 'deep-house', 'detroit-techno', 'disco', 'disney', 'drum-and-bass', 'dub', 'dubstep', 'edm', 'electro', 'electronic', 'emo', 'folk', 'forro', 'french', 'funk', 'garage', 'german', 'gospel', 'goth', 'grindcore', 'groove', 'grunge', 'guitar', 'happy', 'hard-rock', 'hardcore', 'hardstyle', 'heavy-metal', 'hip-hop', 'holidays', 'honky-tonk', 'house', 'idm', 'indian', 'indie', 'indie-pop', 'industrial', 'iranian', 'j-dance', 'j-idol', 'j-pop', 'j-rock', 'jazz', 'k-pop', 'kids', 'latin', 'latino', 'malay', 'mandopop', 'metal', 'metal-misc', 'metalcore', 'minimal-techno', 'movies', 'mpb', 'new-age', 'new-release', 'opera', 'pagode', 'party', 'philippines-opm', 'piano', 'pop', 'pop-film', 'post-dubstep', 'power-pop', 'progressive-house', 'psych-rock', 'punk', 'punk-rock', 'r-n-b', 'rainy-day', 'reggae', 'reggaeton', 'road-trip', 'rock', 'rock-n-roll', 'rockabilly', 'romance', 'sad', 'salsa', 'samba', 'sertanejo', 'show-tunes', 'singer-songwriter', 'ska', 'sleep', 'songwriter', 'soul', 'soundtracks', 'spanish', 'study', 'summer', 'swedish', 'synth-pop', 'tango', 'techno', 'trance', 'trip-hop', 'turkish', 'work-out', 'world-music']}",2007-01-01
4juzduULFJiZVIcrC1tkxE,Banquet,['Bloc Party'],Silent Alarm,0.000128,0.575,0.936,0.0146,10.0,0.0512,150.234,0.879,150.203,0.601,10.0,0.072,0.0,0.421,19.17184,8.20945,"{'genres': ['acoustic', 'afrobeat', 'alt-rock', 'alternative', 'ambient', 'anime', 'black-metal', 'bluegrass', 'blues', 'bossanova', 'brazil', 'breakbeat', 'british', 'cantopop', 'chicago-house', 'children', 'chill', 'classical', 'club', 'comedy', 'country', 'dance', 'dancehall', 'death-metal', 'deep-house', 'detroit-techno', 'disco', 'disney', 'drum-and-bass', 'dub', 'dubstep', 'edm', 'electro', 'electronic', 'emo', 'folk', 'forro', 'french', 'funk', 'garage', 'german', 'gospel', 'goth', 'grindcore', 'groove', 'grunge', 'guitar', 'happy', 'hard-rock', 'hardcore', 'hardstyle', 'heavy-metal', 'hip-hop', 'holidays', 'honky-tonk', 'house', 'idm', 'indian', 'indie', 'indie-pop', 'industrial', 'iranian', 'j-dance', 'j-idol', 'j-pop', 'j-rock', 'jazz', 'k-pop', 'kids', 'latin', 'latino', 'malay', 'mandopop', 'metal', 'metal-misc', 'metalcore', 'minimal-techno', 'movies', 'mpb', 'new-age', 'new-release', 'opera', 'pagode', 'party', 'philippines-opm', 'piano', 'pop', 'pop-film', 'post-dubstep', 'power-pop', 'progressive-house', 'psych-rock', 'punk', 'punk-rock', 'r-n-b', 'rainy-day', 'reggae', 'reggaeton', 'road-trip', 'rock', 'rock-n-roll', 'rockabilly', 'romance', 'sad', 'salsa', 'samba', 'sertanejo', 'show-tunes', 'singer-songwriter', 'ska', 'sleep', 'songwriter', 'soul', 'soundtracks', 'spanish', 'study', 'summer', 'swedish', 'synth-pop', 'tango', 'techno', 'trance', 'trip-hop', 'turkish', 'work-out', 'world-music']}",2005-02-02
1tTV7mRV9uB2Nr9VcwkuFX,Greek Tragedy,['The Wombats'],Glitterbug,0.00257,0.515,0.869,2.01e-06,11.0,0.0672,93.24,0.452,92.439,0.457,11.0,0.132,1.0,0.337,10.40232,11.77312,"{'genres': ['acoustic', 'afrobeat', 'alt-rock', 'alternative', 'ambient', 'anime', 'black-metal', 'bluegrass', 'blues', 'bossanova', 'brazil', 'breakbeat', 'british', 'cantopop', 'chicago-house', 'children', 'chill', 'classical', 'club', 'comedy', 'country', 'dance', 'dancehall', 'death-metal', 'deep-house', 'detroit-techno', 'disco', 'disney', 'drum-and-bass', 'dub', 'dubstep', 'edm', 'electro', 'electronic', 'emo', 'folk', 'forro', 'french', 'funk', 'garage', 'german', 'gospel', 'goth', 'grindcore', 'groove', 'grunge', 'guitar', 'happy', 'hard-rock', 'hardcore', 'hardstyle', 'heavy-metal', 'hip-hop', 'holidays', 'honky-tonk', 'house', 'idm', 'indian', 'indie', 'indie-pop', 'industrial', 'iranian', 'j-dance', 'j-idol', 'j-pop', 'j-rock', 'jazz', 'k-pop', 'kids', 'latin', 'latino', 'malay', 'mandopop', 'metal', 'metal-misc', 'metalcore', 'minimal-techno', 'movies', 'mpb', 'new-age', 'new-release', 'opera', 'pagode', 'party', 'philippines-opm', 'piano', 'pop', 'pop-film', 'post-dubstep', 'power-pop', 'progressive-house', 'psych-rock', 'punk', 'punk-rock', 'r-n-b', 'rainy-day', 'reggae', 'reggaeton', 'road-trip', 'rock', 'rock-n-roll', 'rockabilly', 'romance', 'sad', 'salsa', 'samba', 'sertanejo', 'show-tunes', 'singer-songwriter', 'ska', 'sleep', 'songwriter', 'soul', 'soundtracks', 'spanish', 'study', 'summer', 'swedish', 'synth-pop', 'tango', 'techno', 'trance', 'trip-hop', 'turkish', 'work-out', 'world-music']}",2015-01-13
6dNJ3lasVLPd0078T9yqlm,Joker And The Thief,['Wolfmother'],Wolfmother,0.0195,0.264,0.8,0.00744,0.0,0.0537,155.558,0.465,151.89,0.126,7.0,0.139,1.0,0.316,20.96477,18.74885,"{'genres': ['acoustic', 'afrobeat', 'alt-rock', 'alternative', 'ambient', 'anime', 'black-metal', 'bluegrass', 'blues', 'bossanova', 'brazil', 'breakbeat', 'british', 'cantopop', 'chicago-house', 'children', 'chill', 'classical', 'club', 'comedy', 'country', 'dance', 'dancehall', 'death-metal', 'deep-house', 'detroit-techno', 'disco', 'disney', 'drum-and-bass', 'dub', 'dubstep', 'edm', 'electro', 'electronic', 'emo', 'folk', 'forro', 'french', 'funk', 'garage', 'german', 'gospel', 'goth', 'grindcore', 'groove', 'grunge', 'guitar', 'happy', 'hard-rock', 'hardcore', 'hardstyle', 'heavy-metal', 'hip-hop', 'holidays', 'honky-tonk', 'house', 'idm', 'indian', 'indie', 'indie-pop', 'industrial', 'iranian', 'j-dance', 'j-idol', 'j-pop', 'j-rock', 'jazz', 'k-pop', 'kids', 'latin', 'latino', 'malay', 'mandopop', 'metal', 'metal-misc', 'metalcore', 'minimal-techno', 'movies', 'mpb', 'new-age', 'new-release', 'opera', 'pagode', 'party', 'philippines-opm', 'piano', 'pop', 'pop-film', 'post-dubstep', 'power-pop', 'progressive-house', 'psych-rock', 'punk', 'punk-rock', 'r-n-b', 'rainy-day', 'reggae', 'reggaeton', 'road-trip', 'rock', 'rock-n-roll', 'rockabilly', 'romance', 'sad', 'salsa', 'samba', 'sertanejo', 'show-tunes', 'singer-songwriter', 'ska', 'sleep', 'songwriter', 'soul', 'soundtracks', 'spanish', 'study', 'summer', 'swedish', 'synth-pop', 'tango', 'techno', 'trance', 'trip-hop', 'turkish', 'work-out', 'world-music']}",2005-01-01
63mnZ0zF5fBwJzYg2pDo9e,Happy Idiot,['TV On The Radio'],Seeds,0.00226,0.617,0.948,0.00221,11.0,0.0621,139.996,0.863,139.986,0.462,2.0,0.234,1.0,0.459,85.28482,8.10632,"{'genres': ['acoustic', 'afrobeat', 'alt-rock', 'alternative', 'ambient', 'anime', 'black-metal', 'bluegrass', 'blues', 'bossanova', 'brazil', 'breakbeat', 'british', 'cantopop', 'chicago-house', 'children', 'chill', 'classical', 'club', 'comedy', 'country', 'dance', 'dancehall', 'death-metal', 'deep-house', 'detroit-techno', 'disco', 'disney', 'drum-and-bass', 'dub', 'dubstep', 'edm', 'electro', 'electronic', 'emo', 'folk', 'forro', 'french', 'funk', 'garage', 'german', 'gospel', 'goth', 'grindcore', 'groove', 'grunge', 'guitar', 'happy', 'hard-rock', 'hardcore', 'hardstyle', 'heavy-metal', 'hip-hop', 'holidays', 'honky-tonk', 'house', 'idm', 'indian', 'indie', 'indie-pop', 'industrial', 'iranian', 'j-dance', 'j-idol', 'j-pop', 'j-rock', 'jazz', 'k-pop', 'kids', 'latin', 'latino', 'malay', 'mandopop', 'metal', 'metal-misc', 'metalcore', 'minimal-techno', 'movies', 'mpb', 'new-age', 'new-release', 'opera', 'pagode', 'party', 'philippines-opm', 'piano', 'pop', 'pop-film', 'post-dubstep', 'power-pop', 'progressive-house', 'psych-rock', 'punk', 'punk-rock', 'r-n-b', 'rainy-day', 'reggae', 'reggaeton', 'road-trip', 'rock', 'rock-n-roll', 'rockabilly', 'romance', 'sad', 'salsa', 'samba', 'sertanejo', 'show-tunes', 'singer-songwriter', 'ska', 'sleep', 'songwriter', 'soul', 'soundtracks', 'spanish', 'study', 'summer', 'swedish', 'synth-pop', 'tango', 'techno', 'trance', 'trip-hop', 'turkish', 'work-out', 'world-music']}",2014-11-17
6dFn6my1sHK2bcf23GlHwM,2009,['Mac Miller'],Swimming,0.77,0.533,0.496,0.000164,6.0,0.517,155.158,0.173,153.588,0.171,2.0,0.676,1.0,0.648,42.431,15.29656,"{'genres': ['acoustic', 'afrobeat', 'alt-rock', 'alternative', 'ambient', 'anime', 'black-metal', 'bluegrass', 'blues', 'bossanova', 'brazil', 'breakbeat', 'british', 'cantopop', 'chicago-house', 'children', 'chill', 'classical', 'club', 'comedy', 'country', 'dance', 'dancehall', 'death-metal', 'deep-house', 'detroit-techno', 'disco', 'disney', 'drum-and-bass', 'dub', 'dubstep', 'edm', 'electro', 'electronic', 'emo', 'folk', 'forro', 'french', 'funk', 'garage', 'german', 'gospel', 'goth', 'grindcore', 'groove', 'grunge', 'guitar', 'happy', 'hard-rock', 'hardcore', 'hardstyle', 'heavy-metal', 'hip-hop', 'holidays', 'honky-tonk', 'house', 'idm', 'indian', 'indie', 'indie-pop', 'industrial', 'iranian', 'j-dance', 'j-idol', 'j-pop', 'j-rock', 'jazz', 'k-pop', 'kids', 'latin', 'latino', 'malay', 'mandopop', 'metal', 'metal-misc', 'metalcore', 'minimal-techno', 'movies', 'mpb', 'new-age', 'new-release', 'opera', 'pagode', 'party', 'philippines-opm', 'piano', 'pop', 'pop-film', 'post-dubstep', 'power-pop', 'progressive-house', 'psych-rock', 'punk', 'punk-rock', 'r-n-b', 'rainy-day', 'reggae', 'reggaeton', 'road-trip', 'rock', 'rock-n-roll', 'rockabilly', 'romance', 'sad', 'salsa', 'samba', 'sertanejo', 'show-tunes', 'singer-songwriter', 'ska', 'sleep', 'songwriter', 'soul', 'soundtracks', 'spanish', 'study', 'summer', 'swedish', 'synth-pop', 'tango', 'techno', 'trance', 'trip-hop', 'turkish', 'work-out', 'world-music']}",2018-08-03
3SJWVMRwk5z4Uaff7kGs0d,Spanish Sahara,['Foals'],Total Life Forever,0.0306,0.364,0.565,0.0369,9.0,0.0705,128.222,0.346,120.227,0.272,9.0,0.481,0.0,0.686,32.16519,9.1148,"{'genres': ['acoustic', 'afrobeat', 'alt-rock', 'alternative', 'ambient', 'anime', 'black-metal', 'bluegrass', 'blues', 'bossanova', 'brazil', 'breakbeat', 'british', 'cantopop', 'chicago-house', 'children', 'chill', 'classical', 'club', 'comedy', 'country', 'dance', 'dancehall', 'death-metal', 'deep-house', 'detroit-techno', 'disco', 'disney', 'drum-and-bass', 'dub', 'dubstep', 'edm', 'electro', 'electronic', 'emo', 'folk', 'forro', 'french', 'funk', 'garage', 'german', 'gospel', 'goth', 'grindcore', 'groove', 'grunge', 'guitar', 'happy', 'hard-rock', 'hardcore', 'hardstyle', 'heavy-metal', 'hip-hop', 'holidays', 'honky-tonk', 'house', 'idm', 'indian', 'indie', 'indie-pop', 'industrial', 'iranian', 'j-dance', 'j-idol', 'j-pop', 'j-rock', 'jazz', 'k-pop', 'kids', 'latin', 'latino', 'malay', 'mandopop', 'metal', 'metal-misc', 'metalcore', 'minimal-techno', 'movies', 'mpb', 'new-age', 'new-release', 'opera', 'pagode', 'party', 'philippines-opm', 'piano', 'pop', 'pop-film', 'post-dubstep', 'power-pop', 'progressive-house', 'psych-rock', 'punk', 'punk-rock', 'r-n-b', 'rainy-day', 'reggae', 'reggaeton', 'road-trip', 'rock', 'rock-n-roll', 'rockabilly', 'romance', 'sad', 'salsa', 'samba', 'sertanejo', 'show-tunes', 'singer-songwriter', 'ska', 'sleep', 'songwriter', 'soul', 'soundtracks', 'spanish', 'study', 'summer', 'swedish', 'synth-pop', 'tango', 'techno', 'trance', 'trip-hop', 'turkish', 'work-out', 'world-music']}",2010-05-10
4GBZ441sYKCc1vbZUi05vp,Ticket,['Seeed'],BAM BAM,0.06,0.455,0.734,0.00143,11.0,0.07,157.505,0.384,153.896,0.476,11.0,0.75,0.0,0.693,26.18442,15.17347,"{'genres': ['acoustic', 'afrobeat', 'alt-rock', 'alternative', 'ambient', 'anime', 'black-metal', 'bluegrass', 'blues', 'bossanova', 'brazil', 'breakbeat', 'british', 'cantopop', 'chicago-house', 'children', 'chill', 'classical', 'club', 'comedy', 'country', 'dance', 'dancehall', 'death-metal', 'deep-house', 'detroit-techno', 'disco', 'disney', 'drum-and-bass', 'dub', 'dubstep', 'edm', 'electro', 'electronic', 'emo', 'folk', 'forro', 'french', 'funk', 'garage', 'german', 'gospel', 'goth', 'grindcore', 'groove', 'grunge', 'guitar', 'happy', 'hard-rock', 'hardcore', 'hardstyle', 'heavy-metal', 'hip-hop', 'holidays', 'honky-tonk', 'house', 'idm', 'indian', 'indie', 'indie-pop', 'industrial', 'iranian', 'j-dance', 'j-idol', 'j-pop', 'j-rock', 'jazz', 'k-pop', 'kids', 'latin', 'latino', 'malay', 'mandopop', 'metal', 'metal-misc', 'metalcore', 'minimal-techno', 'movies', 'mpb', 'new-age', 'new-release', 'opera', 'pagode', 'party', 'philippines-opm', 'piano', 'pop', 'pop-film', 'post-dubstep', 'power-pop', 'progressive-house', 'psych-rock', 'punk', 'punk-rock', 'r-n-b', 'rainy-day', 'reggae', 'reggaeton', 'road-trip', 'rock', 'rock-n-roll', 'rockabilly', 'romance', 'sad', 'salsa', 'samba', 'sertanejo', 'show-tunes', 'singer-songwriter', 'ska', 'sleep', 'songwriter', 'soul', 'soundtracks', 'spanish', 'study', 'summer', 'swedish', 'synth-pop', 'tango', 'techno', 'trance', 'trip-hop', 'turkish', 'work-out', 'world-music']}",2019-10-04
3Z2gsW9I3oz3fYNSCqprOV,I Don't Need Him (Community Beat),['Beow√ºlf'],I Don't Need Him (Community Beat),0.87,0.792,0.413,0.495,8.0,0.0642,112.995,0.545,113.019,0.786,10.0,0.235,0.0,0.0,35.07023,34.57361,"{'genres': ['acoustic', 'afrobeat', 'alt-rock', 'alternative', 'ambient', 'anime', 'black-metal', 'bluegrass', 'blues', 'bossanova', 'brazil', 'breakbeat', 'british', 'cantopop', 'chicago-house', 'children', 'chill', 'classical', 'club', 'comedy', 'country', 'dance', 'dancehall', 'death-metal', 'deep-house', 'detroit-techno', 'disco', 'disney', 'drum-and-bass', 'dub', 'dubstep', 'edm', 'electro', 'electronic', 'emo', 'folk', 'forro', 'french', 'funk', 'garage', 'german', 'gospel', 'goth', 'grindcore', 'groove', 'grunge', 'guitar', 'happy', 'hard-rock', 'hardcore', 'hardstyle', 'heavy-metal', 'hip-hop', 'holidays', 'honky-tonk', 'house', 'idm', 'indian', 'indie', 'indie-pop', 'industrial', 'iranian', 'j-dance', 'j-idol', 'j-pop', 'j-rock', 'jazz', 'k-pop', 'kids', 'latin', 'latino', 'malay', 'mandopop', 'metal', 'metal-misc', 'metalcore', 'minimal-techno', 'movies', 'mpb', 'new-age', 'new-release', 'opera', 'pagode', 'party', 'philippines-opm', 'piano', 'pop', 'pop-film', 'post-dubstep', 'power-pop', 'progressive-house', 'psych-rock', 'punk', 'punk-rock', 'r-n-b', 'rainy-day', 'reggae', 'reggaeton', 'road-trip', 'rock', 'rock-n-roll', 'rockabilly', 'romance', 'sad', 'salsa', 'samba', 'sertanejo', 'show-tunes', 'singer-songwriter', 'ska', 'sleep', 'songwriter', 'soul', 'soundtracks', 'spanish', 'study', 'summer', 'swedish', 'synth-pop', 'tango', 'techno', 'trance', 'trip-hop', 'turkish', 'work-out', 'world-music']}",2018-01-08
2H0wTmcZkSPSIaLKrRSA9u,Gib Ihnen die Katze,['Kalipo'],Space Bob,0.0296,0.617,0.661,0.93,0.0,0.0397,121.99,0.563,121.979,0.764,0.0,0.094,1.0,0.529,94.42241,16.7391,"{'genres': ['acoustic', 'afrobeat', 'alt-rock', 'alternative', 'ambient', 'anime', 'black-metal', 'bluegrass', 'blues', 'bossanova', 'brazil', 'breakbeat', 'british', 'cantopop', 'chicago-house', 'children', 'chill', 'classical', 'club', 'comedy', 'country', 'dance', 'dancehall', 'death-metal', 'deep-house', 'detroit-techno', 'disco', 'disney', 'drum-and-bass', 'dub', 'dubstep', 'edm', 'electro', 'electronic', 'emo', 'folk', 'forro', 'french', 'funk', 'garage', 'german', 'gospel', 'goth', 'grindcore', 'groove', 'grunge', 'guitar', 'happy', 'hard-rock', 'hardcore', 'hardstyle', 'heavy-metal', 'hip-hop', 'holidays', 'honky-tonk', 'house', 'idm', 'indian', 'indie', 'indie-pop', 'industrial', 'iranian', 'j-dance', 'j-idol', 'j-pop', 'j-rock', 'jazz', 'k-pop', 'kids', 'latin', 'latino', 'malay', 'mandopop', 'metal', 'metal-misc', 'metalcore', 'minimal-techno', 'movies', 'mpb', 'new-age', 'new-release', 'opera', 'pagode', 'party', 'philippines-opm', 'piano', 'pop', 'pop-film', 'post-dubstep', 'power-pop', 'progressive-house', 'psych-rock', 'punk', 'punk-rock', 'r-n-b', 'rainy-day', 'reggae', 'reggaeton', 'road-trip', 'rock', 'rock-n-roll', 'rockabilly', 'romance', 'sad', 'salsa', 'samba', 'sertanejo', 'show-tunes', 'singer-songwriter', 'ska', 'sleep', 'songwriter', 'soul', 'soundtracks', 'spanish', 'study', 'summer', 'swedish', 'synth-pop', 'tango', 'techno', 'trance', 'trip-hop', 'turkish', 'work-out', 'world-music']}",2018-12-07
4jvQ3EvoTkgeXiqTjLlhPv,Caught Up,['Caleborate'],Real Person,0.823,0.535,0.216,0.00395,9.0,0.217,171.609,0.246,171.789,0.275,1.0,0.0,0.0,0.0,34.63047,9.82048,"{'genres': ['acoustic', 'afrobeat', 'alt-rock', 'alternative', 'ambient', 'anime', 'black-metal', 'bluegrass', 'blues', 'bossanova', 'brazil', 'breakbeat', 'british', 'cantopop', 'chicago-house', 'children', 'chill', 'classical', 'club', 'comedy', 'country', 'dance', 'dancehall', 'death-metal', 'deep-house', 'detroit-techno', 'disco', 'disney', 'drum-and-bass', 'dub', 'dubstep', 'edm', 'electro', 'electronic', 'emo', 'folk', 'forro', 'french', 'funk', 'garage', 'german', 'gospel', 'goth', 'grindcore', 'groove', 'grunge', 'guitar', 'happy', 'hard-rock', 'hardcore', 'hardstyle', 'heavy-metal', 'hip-hop', 'holidays', 'honky-tonk', 'house', 'idm', 'indian', 'indie', 'indie-pop', 'industrial', 'iranian', 'j-dance', 'j-idol', 'j-pop', 'j-rock', 'jazz', 'k-pop', 'kids', 'latin', 'latino', 'malay', 'mandopop', 'metal', 'metal-misc', 'metalcore', 'minimal-techno', 'movies', 'mpb', 'new-age', 'new-release', 'opera', 'pagode', 'party', 'philippines-opm', 'piano', 'pop', 'pop-film', 'post-dubstep', 'power-pop', 'progressive-house', 'psych-rock', 'punk', 'punk-rock', 'r-n-b', 'rainy-day', 'reggae', 'reggaeton', 'road-trip', 'rock', 'rock-n-roll', 'rockabilly', 'romance', 'sad', 'salsa', 'samba', 'sertanejo', 'show-tunes', 'singer-songwriter', 'ska', 'sleep', 'songwriter', 'soul', 'soundtracks', 'spanish', 'study', 'summer', 'swedish', 'synth-pop', 'tango', 'techno', 'trance', 'trip-hop', 'turkish', 'work-out', 'world-music']}",2017-10-06
6mADjHs6FXdroPzEGW6KVJ,bloody valentine,['Machine Gun Kelly'],Tickets To My Downfall,0.00021,0.533,0.858,0.0,2.0,0.0766,160.057,0.506,159.938,0.373,2.0,0.102,1.0,0.27,48.74623,12.23473,"{'genres': ['acoustic', 'afrobeat', 'alt-rock', 'alternative', 'ambient', 'anime', 'black-metal', 'bluegrass', 'blues', 'bossanova', 'brazil', 'breakbeat', 'british', 'cantopop', 'chicago-house', 'children', 'chill', 'classical', 'club', 'comedy', 'country', 'dance', 'dancehall', 'death-metal', 'deep-house', 'detroit-techno', 'disco', 'disney', 'drum-and-bass', 'dub', 'dubstep', 'edm', 'electro', 'electronic', 'emo', 'folk', 'forro', 'french', 'funk', 'garage', 'german', 'gospel', 'goth', 'grindcore', 'groove', 'grunge', 'guitar', 'happy', 'hard-rock', 'hardcore', 'hardstyle', 'heavy-metal', 'hip-hop', 'holidays', 'honky-tonk', 'house', 'idm', 'indian', 'indie', 'indie-pop', 'industrial', 'iranian', 'j-dance', 'j-idol', 'j-pop', 'j-rock', 'jazz', 'k-pop', 'kids', 'latin', 'latino', 'malay', 'mandopop', 'metal', 'metal-misc', 'metalcore', 'minimal-techno', 'movies', 'mpb', 'new-age', 'new-release', 'opera', 'pagode', 'party', 'philippines-opm', 'piano', 'pop', 'pop-film', 'post-dubstep', 'power-pop', 'progressive-house', 'psych-rock', 'punk', 'punk-rock', 'r-n-b', 'rainy-day', 'reggae', 'reggaeton', 'road-trip', 'rock', 'rock-n-roll', 'rockabilly', 'romance', 'sad', 'salsa', 'samba', 'sertanejo', 'show-tunes', 'singer-songwriter', 'ska', 'sleep', 'songwriter', 'soul', 'soundtracks', 'spanish', 'study', 'summer', 'swedish', 'synth-pop', 'tango', 'techno', 'trance', 'trip-hop', 'turkish', 'work-out', 'world-music']}",2020-09-25
0N9C80kcgL0xXGduKnYKWi,Love Lost,Mac Miller,"I Love Life, Thank You",0.528,0.735,0.812,0.0,2.0,0.151,109.835,0.584,109.934,0.531,7.0,0.439,1.0,0.426,30.01018,7.67419,,2022-07-22
0dbo55JP3OxhExQH3gu0KW,Brokkoli,['Muffelwild'],Brokkoli,0.0412,0.827,0.885,0.00165,7.0,0.0873,98.006,0.835,97.858,0.82,7.0,0.271,1.0,0.508,20.83141,8.57459,"{'genres': ['acoustic', 'afrobeat', 'alt-rock', 'alternative', 'ambient', 'anime', 'black-metal', 'bluegrass', 'blues', 'bossanova', 'brazil', 'breakbeat', 'british', 'cantopop', 'chicago-house', 'children', 'chill', 'classical', 'club', 'comedy', 'country', 'dance', 'dancehall', 'death-metal', 'deep-house', 'detroit-techno', 'disco', 'disney', 'drum-and-bass', 'dub', 'dubstep', 'edm', 'electro', 'electronic', 'emo', 'folk', 'forro', 'french', 'funk', 'garage', 'german', 'gospel', 'goth', 'grindcore', 'groove', 'grunge', 'guitar', 'happy', 'hard-rock', 'hardcore', 'hardstyle', 'heavy-metal', 'hip-hop', 'holidays', 'honky-tonk', 'house', 'idm', 'indian', 'indie', 'indie-pop', 'industrial', 'iranian', 'j-dance', 'j-idol', 'j-pop', 'j-rock', 'jazz', 'k-pop', 'kids', 'latin', 'latino', 'malay', 'mandopop', 'metal', 'metal-misc', 'metalcore', 'minimal-techno', 'movies', 'mpb', 'new-age', 'new-release', 'opera', 'pagode', 'party', 'philippines-opm', 'piano', 'pop', 'pop-film', 'post-dubstep', 'power-pop', 'progressive-house', 'psych-rock', 'punk', 'punk-rock', 'r-n-b', 'rainy-day', 'reggae', 'reggaeton', 'road-trip', 'rock', 'rock-n-roll', 'rockabilly', 'romance', 'sad', 'salsa', 'samba', 'sertanejo', 'show-tunes', 'singer-songwriter', 'ska', 'sleep', 'songwriter', 'soul', 'soundtracks', 'spanish', 'study', 'summer', 'swedish', 'synth-pop', 'tango', 'techno', 'trance', 'trip-hop', 'turkish', 'work-out', 'world-music']}",2021-04-25
23OXdR7YuUBVWh5hSnYJau,Chlorine,['Twenty One Pilots'],Trench,0.0735,0.609,0.674,0.06,10.0,0.0548,90.009,0.315,90.056,0.741,10.0,0.17,0.0,0.361,55.33054,18.14695,"{'genres': ['acoustic', 'afrobeat', 'alt-rock', 'alternative', 'ambient', 'anime', 'black-metal', 'bluegrass', 'blues', 'bossanova', 'brazil', 'breakbeat', 'british', 'cantopop', 'chicago-house', 'children', 'chill', 'classical', 'club', 'comedy', 'country', 'dance', 'dancehall', 'death-metal', 'deep-house', 'detroit-techno', 'disco', 'disney', 'drum-and-bass', 'dub', 'dubstep', 'edm', 'electro', 'electronic', 'emo', 'folk', 'forro', 'french', 'funk', 'garage', 'german', 'gospel', 'goth', 'grindcore', 'groove', 'grunge', 'guitar', 'happy', 'hard-rock', 'hardcore', 'hardstyle', 'heavy-metal', 'hip-hop', 'holidays', 'honky-tonk', 'house', 'idm', 'indian', 'indie', 'indie-pop', 'industrial', 'iranian', 'j-dance', 'j-idol', 'j-pop', 'j-rock', 'jazz', 'k-pop', 'kids', 'latin', 'latino', 'malay', 'mandopop', 'metal', 'metal-misc', 'metalcore', 'minimal-techno', 'movies', 'mpb', 'new-age', 'new-release', 'opera', 'pagode', 'party', 'philippines-opm', 'piano', 'pop', 'pop-film', 'post-dubstep', 'power-pop', 'progressive-house', 'psych-rock', 'punk', 'punk-rock', 'r-n-b', 'rainy-day', 'reggae', 'reggaeton', 'road-trip', 'rock', 'rock-n-roll', 'rockabilly', 'romance', 'sad', 'salsa', 'samba', 'sertanejo', 'show-tunes', 'singer-songwriter', 'ska', 'sleep', 'songwriter', 'soul', 'soundtracks', 'spanish', 'study', 'summer', 'swedish', 'synth-pop', 'tango', 'techno', 'trance', 'trip-hop', 'turkish', 'work-out', 'world-music']}",2018-10-05
67ispalOAo3jnZWYSTTfZk,Sex,['The 1975'],The 1975,1.31e-05,0.408,0.974,4.86e-05,2.0,0.126,148.298,0.173,148.277,0.288,2.0,0.898,1.0,0.639,67.95403,8.31121,"{'genres': ['acoustic', 'afrobeat', 'alt-rock', 'alternative', 'ambient', 'anime', 'black-metal', 'bluegrass', 'blues', 'bossanova', 'brazil', 'breakbeat', 'british', 'cantopop', 'chicago-house', 'children', 'chill', 'classical', 'club', 'comedy', 'country', 'dance', 'dancehall', 'death-metal', 'deep-house', 'detroit-techno', 'disco', 'disney', 'drum-and-bass', 'dub', 'dubstep', 'edm', 'electro', 'electronic', 'emo', 'folk', 'forro', 'french', 'funk', 'garage', 'german', 'gospel', 'goth', 'grindcore', 'groove', 'grunge', 'guitar', 'happy', 'hard-rock', 'hardcore', 'hardstyle', 'heavy-metal', 'hip-hop', 'holidays', 'honky-tonk', 'house', 'idm', 'indian', 'indie', 'indie-pop', 'industrial', 'iranian', 'j-dance', 'j-idol', 'j-pop', 'j-rock', 'jazz', 'k-pop', 'kids', 'latin', 'latino', 'malay', 'mandopop', 'metal', 'metal-misc', 'metalcore', 'minimal-techno', 'movies', 'mpb', 'new-age', 'new-release', 'opera', 'pagode', 'party', 'philippines-opm', 'piano', 'pop', 'pop-film', 'post-dubstep', 'power-pop', 'progressive-house', 'psych-rock', 'punk', 'punk-rock', 'r-n-b', 'rainy-day', 'reggae', 'reggaeton', 'road-trip', 'rock', 'rock-n-roll', 'rockabilly', 'romance', 'sad', 'salsa', 'samba', 'sertanejo', 'show-tunes', 'singer-songwriter', 'ska', 'sleep', 'songwriter', 'soul', 'soundtracks', 'spanish', 'study', 'summer', 'swedish', 'synth-pop', 'tango', 'techno', 'trance', 'trip-hop', 'turkish', 'work-out', 'world-music']}",2013-01-01
6pc7HqebU6WZWgS6OSO8Ef,JOBBO,['WSTR'],'Til the Wheels Fall Off,8.64e-05,0.59,0.982,0.151,6.0,0.0621,115.045,0.548,115.092,0.391,4.0,0.154,0.0,0.219,41.20348,9.14922,"{'genres': ['acoustic', 'afrobeat', 'alt-rock', 'alternative', 'ambient', 'anime', 'black-metal', 'bluegrass', 'blues', 'bossanova', 'brazil', 'breakbeat', 'british', 'cantopop', 'chicago-house', 'children', 'chill', 'classical', 'club', 'comedy', 'country', 'dance', 'dancehall', 'death-metal', 'deep-house', 'detroit-techno', 'disco', 'disney', 'drum-and-bass', 'dub', 'dubstep', 'edm', 'electro', 'electronic', 'emo', 'folk', 'forro', 'french', 'funk', 'garage', 'german', 'gospel', 'goth', 'grindcore', 'groove', 'grunge', 'guitar', 'happy', 'hard-rock', 'hardcore', 'hardstyle', 'heavy-metal', 'hip-hop', 'holidays', 'honky-tonk', 'house', 'idm', 'indian', 'indie', 'indie-pop', 'industrial', 'iranian', 'j-dance', 'j-idol', 'j-pop', 'j-rock', 'jazz', 'k-pop', 'kids', 'latin', 'latino', 'malay', 'mandopop', 'metal', 'metal-misc', 'metalcore', 'minimal-techno', 'movies', 'mpb', 'new-age', 'new-release', 'opera', 'pagode', 'party', 'philippines-opm', 'piano', 'pop', 'pop-film', 'post-dubstep', 'power-pop', 'progressive-house', 'psych-rock', 'punk', 'punk-rock', 'r-n-b', 'rainy-day', 'reggae', 'reggaeton', 'road-trip', 'rock', 'rock-n-roll', 'rockabilly', 'romance', 'sad', 'salsa', 'samba', 'sertanejo', 'show-tunes', 'singer-songwriter', 'ska', 'sleep', 'songwriter', 'soul', 'soundtracks', 'spanish', 'study', 'summer', 'swedish', 'synth-pop', 'tango', 'techno', 'trance', 'trip-hop', 'turkish', 'work-out', 'world-music']}",2023-05-26
2CHiLa0obXZOzUd8BzUmhI,sucht,['t-low'],sucht,0.0725,0.816,0.704,0.0,9.0,0.0961,118.997,0.464,119.024,0.752,9.0,0.31,1.0,0.456,16.11869,9.10662,"{'genres': ['acoustic', 'afrobeat', 'alt-rock', 'alternative', 'ambient', 'anime', 'black-metal', 'bluegrass', 'blues', 'bossanova', 'brazil', 'breakbeat', 'british', 'cantopop', 'chicago-house', 'children', 'chill', 'classical', 'club', 'comedy', 'country', 'dance', 'dancehall', 'death-metal', 'deep-house', 'detroit-techno', 'disco', 'disney', 'drum-and-bass', 'dub', 'dubstep', 'edm', 'electro', 'electronic', 'emo', 'folk', 'forro', 'french', 'funk', 'garage', 'german', 'gospel', 'goth', 'grindcore', 'groove', 'grunge', 'guitar', 'happy', 'hard-rock', 'hardcore', 'hardstyle', 'heavy-metal', 'hip-hop', 'holidays', 'honky-tonk', 'house', 'idm', 'indian', 'indie', 'indie-pop', 'industrial', 'iranian', 'j-dance', 'j-idol', 'j-pop', 'j-rock', 'jazz', 'k-pop', 'kids', 'latin', 'latino', 'malay', 'mandopop', 'metal', 'metal-misc', 'metalcore', 'minimal-techno', 'movies', 'mpb', 'new-age', 'new-release', 'opera', 'pagode', 'party', 'philippines-opm', 'piano', 'pop', 'pop-film', 'post-dubstep', 'power-pop', 'progressive-house', 'psych-rock', 'punk', 'punk-rock', 'r-n-b', 'rainy-day', 'reggae', 'reggaeton', 'road-trip', 'rock', 'rock-n-roll', 'rockabilly', 'romance', 'sad', 'salsa', 'samba', 'sertanejo', 'show-tunes', 'singer-songwriter', 'ska', 'sleep', 'songwriter', 'soul', 'soundtracks', 'spanish', 'study', 'summer', 'swedish', 'synth-pop', 'tango', 'techno', 'trance', 'trip-hop', 'turkish', 'work-out', 'world-music']}",2023-06-02
00OeYqVhOcqLIV7aQv8vIw,Complicated,"['DONDON', 'Rrotzer']",Complicated,0.000381,0.62,0.893,2.01e-05,9.0,0.0486,94.978,0.518,95.884,0.289,0.0,0.0,1.0,0.0,8.75464,25.74132,"{'genres': ['acoustic', 'afrobeat', 'alt-rock', 'alternative', 'ambient', 'anime', 'black-metal', 'bluegrass', 'blues', 'bossanova', 'brazil', 'breakbeat', 'british', 'cantopop', 'chicago-house', 'children', 'chill', 'classical', 'club', 'comedy', 'country', 'dance', 'dancehall', 'death-metal', 'deep-house', 'detroit-techno', 'disco', 'disney', 'drum-and-bass', 'dub', 'dubstep', 'edm', 'electro', 'electronic', 'emo', 'folk', 'forro', 'french', 'funk', 'garage', 'german', 'gospel', 'goth', 'grindcore', 'groove', 'grunge', 'guitar', 'happy', 'hard-rock', 'hardcore', 'hardstyle', 'heavy-metal', 'hip-hop', 'holidays', 'honky-tonk', 'house', 'idm', 'indian', 'indie', 'indie-pop', 'industrial', 'iranian', 'j-dance', 'j-idol', 'j-pop', 'j-rock', 'jazz', 'k-pop', 'kids', 'latin', 'latino', 'malay', 'mandopop', 'metal', 'metal-misc', 'metalcore', 'minimal-techno', 'movies', 'mpb', 'new-age', 'new-release', 'opera', 'pagode', 'party', 'philippines-opm', 'piano', 'pop', 'pop-film', 'post-dubstep', 'power-pop', 'progressive-house', 'psych-rock', 'punk', 'punk-rock', 'r-n-b', 'rainy-day', 'reggae', 'reggaeton', 'road-trip', 'rock', 'rock-n-roll', 'rockabilly', 'romance', 'sad', 'salsa', 'samba', 'sertanejo', 'show-tunes', 'singer-songwriter', 'ska', 'sleep', 'songwriter', 'soul', 'soundtracks', 'spanish', 'study', 'summer', 'swedish', 'synth-pop', 'tango', 'techno', 'trance', 'trip-hop', 'turkish', 'work-out', 'world-music']}",2023-01-27
17gRirUV9rQKqvxfF3uVar,Keine Kontrolle,['Sharaktah'],Almost Home,0.43,0.79,0.478,0.000712,2.0,0.0528,124.998,0.422,125.035,0.749,2.0,0.428,1.0,0.625,19.66962,14.00203,"{'genres': ['acoustic', 'afrobeat', 'alt-rock', 'alternative', 'ambient', 'anime', 'black-metal', 'bluegrass', 'blues', 'bossanova', 'brazil', 'breakbeat', 'british', 'cantopop', 'chicago-house', 'children', 'chill', 'classical', 'club', 'comedy', 'country', 'dance', 'dancehall', 'death-metal', 'deep-house', 'detroit-techno', 'disco', 'disney', 'drum-and-bass', 'dub', 'dubstep', 'edm', 'electro', 'electronic', 'emo', 'folk', 'forro', 'french', 'funk', 'garage', 'german', 'gospel', 'goth', 'grindcore', 'groove', 'grunge', 'guitar', 'happy', 'hard-rock', 'hardcore', 'hardstyle', 'heavy-metal', 'hip-hop', 'holidays', 'honky-tonk', 'house', 'idm', 'indian', 'indie', 'indie-pop', 'industrial', 'iranian', 'j-dance', 'j-idol', 'j-pop', 'j-rock', 'jazz', 'k-pop', 'kids', 'latin', 'latino', 'malay', 'mandopop', 'metal', 'metal-misc', 'metalcore', 'minimal-techno', 'movies', 'mpb', 'new-age', 'new-release', 'opera', 'pagode', 'party', 'philippines-opm', 'piano', 'pop', 'pop-film', 'post-dubstep', 'power-pop', 'progressive-house', 'psych-rock', 'punk', 'punk-rock', 'r-n-b', 'rainy-day', 'reggae', 'reggaeton', 'road-trip', 'rock', 'rock-n-roll', 'rockabilly', 'romance', 'sad', 'salsa', 'samba', 'sertanejo', 'show-tunes', 'singer-songwriter', 'ska', 'sleep', 'songwriter', 'soul', 'soundtracks', 'spanish', 'study', 'summer', 'swedish', 'synth-pop', 'tango', 'techno', 'trance', 'trip-hop', 'turkish', 'work-out', 'world-music']}",2021-10-08
2Gj79aWO3E7vl1MWxwOJEB,1.000 EMOTIONEN,"['LUIS', 't-low']",INTERNETBABY,0.176,0.575,0.707,0.0,4.0,0.0347,157.939,0.511,158.13,0.441,4.0,0.489,0.0,0.609,25.81768,11.45778,"{'genres': ['acoustic', 'afrobeat', 'alt-rock', 'alternative', 'ambient', 'anime', 'black-metal', 'bluegrass', 'blues', 'bossanova', 'brazil', 'breakbeat', 'british', 'cantopop', 'chicago-house', 'children', 'chill', 'classical', 'club', 'comedy', 'country', 'dance', 'dancehall', 'death-metal', 'deep-house', 'detroit-techno', 'disco', 'disney', 'drum-and-bass', 'dub', 'dubstep', 'edm', 'electro', 'electronic', 'emo', 'folk', 'forro', 'french', 'funk', 'garage', 'german', 'gospel', 'goth', 'grindcore', 'groove', 'grunge', 'guitar', 'happy', 'hard-rock', 'hardcore', 'hardstyle', 'heavy-metal', 'hip-hop', 'holidays', 'honky-tonk', 'house', 'idm', 'indian', 'indie', 'indie-pop', 'industrial', 'iranian', 'j-dance', 'j-idol', 'j-pop', 'j-rock', 'jazz', 'k-pop', 'kids', 'latin', 'latino', 'malay', 'mandopop', 'metal', 'metal-misc', 'metalcore', 'minimal-techno', 'movies', 'mpb', 'new-age', 'new-release', 'opera', 'pagode', 'party', 'philippines-opm', 'piano', 'pop', 'pop-film', 'post-dubstep', 'power-pop', 'progressive-house', 'psych-rock', 'punk', 'punk-rock', 'r-n-b', 'rainy-day', 'reggae', 'reggaeton', 'road-trip', 'rock', 'rock-n-roll', 'rockabilly', 'romance', 'sad', 'salsa', 'samba', 'sertanejo', 'show-tunes', 'singer-songwriter', 'ska', 'sleep', 'songwriter', 'soul', 'soundtracks', 'spanish', 'study', 'summer', 'swedish', 'synth-pop', 'tango', 'techno', 'trance', 'trip-hop', 'turkish', 'work-out', 'world-music']}",2022-02-11
3vVkxjrTP4SM1Ogq68LoXW,Anarchist,['YUNGBLUD'],21st Century Liability,0.00972,0.508,0.905,0.0,9.0,0.311,160.627,0.212,160.778,0.254,9.0,0.336,0.0,0.399,23.99161,6.78468,"{'genres': ['acoustic', 'afrobeat', 'alt-rock', 'alternative', 'ambient', 'anime', 'black-metal', 'bluegrass', 'blues', 'bossanova', 'brazil', 'breakbeat', 'british', 'cantopop', 'chicago-house', 'children', 'chill', 'classical', 'club', 'comedy', 'country', 'dance', 'dancehall', 'death-metal', 'deep-house', 'detroit-techno', 'disco', 'disney', 'drum-and-bass', 'dub', 'dubstep', 'edm', 'electro', 'electronic', 'emo', 'folk', 'forro', 'french', 'funk', 'garage', 'german', 'gospel', 'goth', 'grindcore', 'groove', 'grunge', 'guitar', 'happy', 'hard-rock', 'hardcore', 'hardstyle', 'heavy-metal', 'hip-hop', 'holidays', 'honky-tonk', 'house', 'idm', 'indian', 'indie', 'indie-pop', 'industrial', 'iranian', 'j-dance', 'j-idol', 'j-pop', 'j-rock', 'jazz', 'k-pop', 'kids', 'latin', 'latino', 'malay', 'mandopop', 'metal', 'metal-misc', 'metalcore', 'minimal-techno', 'movies', 'mpb', 'new-age', 'new-release', 'opera', 'pagode', 'party', 'philippines-opm', 'piano', 'pop', 'pop-film', 'post-dubstep', 'power-pop', 'progressive-house', 'psych-rock', 'punk', 'punk-rock', 'r-n-b', 'rainy-day', 'reggae', 'reggaeton', 'road-trip', 'rock', 'rock-n-roll', 'rockabilly', 'romance', 'sad', 'salsa', 'samba', 'sertanejo', 'show-tunes', 'singer-songwriter', 'ska', 'sleep', 'songwriter', 'soul', 'soundtracks', 'spanish', 'study', 'summer', 'swedish', 'synth-pop', 'tango', 'techno', 'trance', 'trip-hop', 'turkish', 'work-out', 'world-music']}",2018-07-06
1hkm127hnTSa2xjGNw8IAE,Disease,['Beartooth'],Disease,0.00202,0.525,0.957,3.25e-06,0.0,0.0689,97.445,0.456,97.472,0.348,10.0,0.588,0.0,0.471,40.63504,19.8974,"{'genres': ['acoustic', 'afrobeat', 'alt-rock', 'alternative', 'ambient', 'anime', 'black-metal', 'bluegrass', 'blues', 'bossanova', 'brazil', 'breakbeat', 'british', 'cantopop', 'chicago-house', 'children', 'chill', 'classical', 'club', 'comedy', 'country', 'dance', 'dancehall', 'death-metal', 'deep-house', 'detroit-techno', 'disco', 'disney', 'drum-and-bass', 'dub', 'dubstep', 'edm', 'electro', 'electronic', 'emo', 'folk', 'forro', 'french', 'funk', 'garage', 'german', 'gospel', 'goth', 'grindcore', 'groove', 'grunge', 'guitar', 'happy', 'hard-rock', 'hardcore', 'hardstyle', 'heavy-metal', 'hip-hop', 'holidays', 'honky-tonk', 'house', 'idm', 'indian', 'indie', 'indie-pop', 'industrial', 'iranian', 'j-dance', 'j-idol', 'j-pop', 'j-rock', 'jazz', 'k-pop', 'kids', 'latin', 'latino', 'malay', 'mandopop', 'metal', 'metal-misc', 'metalcore', 'minimal-techno', 'movies', 'mpb', 'new-age', 'new-release', 'opera', 'pagode', 'party', 'philippines-opm', 'piano', 'pop', 'pop-film', 'post-dubstep', 'power-pop', 'progressive-house', 'psych-rock', 'punk', 'punk-rock', 'r-n-b', 'rainy-day', 'reggae', 'reggaeton', 'road-trip', 'rock', 'rock-n-roll', 'rockabilly', 'romance', 'sad', 'salsa', 'samba', 'sertanejo', 'show-tunes', 'singer-songwriter', 'ska', 'sleep', 'songwriter', 'soul', 'soundtracks', 'spanish', 'study', 'summer', 'swedish', 'synth-pop', 'tango', 'techno', 'trance', 'trip-hop', 'turkish', 'work-out', 'world-music']}",2018-09-28
0iVSLUaLzYPi1vDFTkjZhb,"god save me, but don't drown me out",['YUNGBLUD'],weird!,0.00115,0.373,0.871,0.0,2.0,0.0622,127.413,0.201,126.912,0.16,6.0,0.422,0.0,0.548,29.27998,4.24667,"{'genres': ['acoustic', 'afrobeat', 'alt-rock', 'alternative', 'ambient', 'anime', 'black-metal', 'bluegrass', 'blues', 'bossanova', 'brazil', 'breakbeat', 'british', 'cantopop', 'chicago-house', 'children', 'chill', 'classical', 'club', 'comedy', 'country', 'dance', 'dancehall', 'death-metal', 'deep-house', 'detroit-techno', 'disco', 'disney', 'drum-and-bass', 'dub', 'dubstep', 'edm', 'electro', 'electronic', 'emo', 'folk', 'forro', 'french', 'funk', 'garage', 'german', 'gospel', 'goth', 'grindcore', 'groove', 'grunge', 'guitar', 'happy', 'hard-rock', 'hardcore', 'hardstyle', 'heavy-metal', 'hip-hop', 'holidays', 'honky-tonk', 'house', 'idm', 'indian', 'indie', 'indie-pop', 'industrial', 'iranian', 'j-dance', 'j-idol', 'j-pop', 'j-rock', 'jazz', 'k-pop', 'kids', 'latin', 'latino', 'malay', 'mandopop', 'metal', 'metal-misc', 'metalcore', 'minimal-techno', 'movies', 'mpb', 'new-age', 'new-release', 'opera', 'pagode', 'party', 'philippines-opm', 'piano', 'pop', 'pop-film', 'post-dubstep', 'power-pop', 'progressive-house', 'psych-rock', 'punk', 'punk-rock', 'r-n-b', 'rainy-day', 'reggae', 'reggaeton', 'road-trip', 'rock', 'rock-n-roll', 'rockabilly', 'romance', 'sad', 'salsa', 'samba', 'sertanejo', 'show-tunes', 'singer-songwriter', 'ska', 'sleep', 'songwriter', 'soul', 'soundtracks', 'spanish', 'study', 'summer', 'swedish', 'synth-pop', 'tango', 'techno', 'trance', 'trip-hop', 'turkish', 'work-out', 'world-music']}",2020-12-04
6FxIFdX1jeJYwPozaeqaZj,Like That,['Stand Atlantic'],Pink Elephant,0.0007,0.572,0.953,0.0,4.0,0.0494,131.979,0.388,132.042,0.381,4.0,0.257,0.0,0.0,44.53808,8.40715,"{'genres': ['acoustic', 'afrobeat', 'alt-rock', 'alternative', 'ambient', 'anime', 'black-metal', 'bluegrass', 'blues', 'bossanova', 'brazil', 'breakbeat', 'british', 'cantopop', 'chicago-house', 'children', 'chill', 'classical', 'club', 'comedy', 'country', 'dance', 'dancehall', 'death-metal', 'deep-house', 'detroit-techno', 'disco', 'disney', 'drum-and-bass', 'dub', 'dubstep', 'edm', 'electro', 'electronic', 'emo', 'folk', 'forro', 'french', 'funk', 'garage', 'german', 'gospel', 'goth', 'grindcore', 'groove', 'grunge', 'guitar', 'happy', 'hard-rock', 'hardcore', 'hardstyle', 'heavy-metal', 'hip-hop', 'holidays', 'honky-tonk', 'house', 'idm', 'indian', 'indie', 'indie-pop', 'industrial', 'iranian', 'j-dance', 'j-idol', 'j-pop', 'j-rock', 'jazz', 'k-pop', 'kids', 'latin', 'latino', 'malay', 'mandopop', 'metal', 'metal-misc', 'metalcore', 'minimal-techno', 'movies', 'mpb', 'new-age', 'new-release', 'opera', 'pagode', 'party', 'philippines-opm', 'piano', 'pop', 'pop-film', 'post-dubstep', 'power-pop', 'progressive-house', 'psych-rock', 'punk', 'punk-rock', 'r-n-b', 'rainy-day', 'reggae', 'reggaeton', 'road-trip', 'rock', 'rock-n-roll', 'rockabilly', 'romance', 'sad', 'salsa', 'samba', 'sertanejo', 'show-tunes', 'singer-songwriter', 'ska', 'sleep', 'songwriter', 'soul', 'soundtracks', 'spanish', 'study', 'summer', 'swedish', 'synth-pop', 'tango', 'techno', 'trance', 'trip-hop', 'turkish', 'work-out', 'world-music']}",2020-08-07
2Vr9neYPIWshdbTG059i3A,L.O.V.E.,['Leoniden'],L.O.V.E.,0.00365,0.511,0.701,0.0,6.0,0.0451,149.865,0.643,149.903,0.545,6.0,0.658,0.0,0.66,30.82751,11.89564,"{'genres': ['acoustic', 'afrobeat', 'alt-rock', 'alternative', 'ambient', 'anime', 'black-metal', 'bluegrass', 'blues', 'bossanova', 'brazil', 'breakbeat', 'british', 'cantopop', 'chicago-house', 'children', 'chill', 'classical', 'club', 'comedy', 'country', 'dance', 'dancehall', 'death-metal', 'deep-house', 'detroit-techno', 'disco', 'disney', 'drum-and-bass', 'dub', 'dubstep', 'edm', 'electro', 'electronic', 'emo', 'folk', 'forro', 'french', 'funk', 'garage', 'german', 'gospel', 'goth', 'grindcore', 'groove', 'grunge', 'guitar', 'happy', 'hard-rock', 'hardcore', 'hardstyle', 'heavy-metal', 'hip-hop', 'holidays', 'honky-tonk', 'house', 'idm', 'indian', 'indie', 'indie-pop', 'industrial', 'iranian', 'j-dance', 'j-idol', 'j-pop', 'j-rock', 'jazz', 'k-pop', 'kids', 'latin', 'latino', 'malay', 'mandopop', 'metal', 'metal-misc', 'metalcore', 'minimal-techno', 'movies', 'mpb', 'new-age', 'new-release', 'opera', 'pagode', 'party', 'philippines-opm', 'piano', 'pop', 'pop-film', 'post-dubstep', 'power-pop', 'progressive-house', 'psych-rock', 'punk', 'punk-rock', 'r-n-b', 'rainy-day', 'reggae', 'reggaeton', 'road-trip', 'rock', 'rock-n-roll', 'rockabilly', 'romance', 'sad', 'salsa', 'samba', 'sertanejo', 'show-tunes', 'singer-songwriter', 'ska', 'sleep', 'songwriter', 'soul', 'soundtracks', 'spanish', 'study', 'summer', 'swedish', 'synth-pop', 'tango', 'techno', 'trance', 'trip-hop', 'turkish', 'work-out', 'world-music']}",2020-07-24
1vgFHoxGDoXzrpSnOI0RWY,Mines (A Flicker in the Deep),['ConcernedApe'],Stardew Valley (Original Game Soundtrack),0.989,0.349,0.0571,0.952,7.0,0.0509,100.921,0.0799,101.978,0.334,0.0,0.0,1.0,0.0,11.803,29.40987,"{'genres': ['acoustic', 'afrobeat', 'alt-rock', 'alternative', 'ambient', 'anime', 'black-metal', 'bluegrass', 'blues', 'bossanova', 'brazil', 'breakbeat', 'british', 'cantopop', 'chicago-house', 'children', 'chill', 'classical', 'club', 'comedy', 'country', 'dance', 'dancehall', 'death-metal', 'deep-house', 'detroit-techno', 'disco', 'disney', 'drum-and-bass', 'dub', 'dubstep', 'edm', 'electro', 'electronic', 'emo', 'folk', 'forro', 'french', 'funk', 'garage', 'german', 'gospel', 'goth', 'grindcore', 'groove', 'grunge', 'guitar', 'happy', 'hard-rock', 'hardcore', 'hardstyle', 'heavy-metal', 'hip-hop', 'holidays', 'honky-tonk', 'house', 'idm', 'indian', 'indie', 'indie-pop', 'industrial', 'iranian', 'j-dance', 'j-idol', 'j-pop', 'j-rock', 'jazz', 'k-pop', 'kids', 'latin', 'latino', 'malay', 'mandopop', 'metal', 'metal-misc', 'metalcore', 'minimal-techno', 'movies', 'mpb', 'new-age', 'new-release', 'opera', 'pagode', 'party', 'philippines-opm', 'piano', 'pop', 'pop-film', 'post-dubstep', 'power-pop', 'progressive-house', 'psych-rock', 'punk', 'punk-rock', 'r-n-b', 'rainy-day', 'reggae', 'reggaeton', 'road-trip', 'rock', 'rock-n-roll', 'rockabilly', 'romance', 'sad', 'salsa', 'samba', 'sertanejo', 'show-tunes', 'singer-songwriter', 'ska', 'sleep', 'songwriter', 'soul', 'soundtracks', 'spanish', 'study', 'summer', 'swedish', 'synth-pop', 'tango', 'techno', 'trance', 'trip-hop', 'turkish', 'work-out', 'world-music']}",2016-09-19
37kW9eEI0EJFM0ip2mf1Wy,C Carter,['Cordae'],From a Birds Eye View,0.283,0.756,0.791,0.0,10.0,0.26,86.967,0.519,85.846,0.428,0.0,0.0,0.0,0.0,10.45564,8.03176,"{'genres': ['acoustic', 'afrobeat', 'alt-rock', 'alternative', 'ambient', 'anime', 'black-metal', 'bluegrass', 'blues', 'bossanova', 'brazil', 'breakbeat', 'british', 'cantopop', 'chicago-house', 'children', 'chill', 'classical', 'club', 'comedy', 'country', 'dance', 'dancehall', 'death-metal', 'deep-house', 'detroit-techno', 'disco', 'disney', 'drum-and-bass', 'dub', 'dubstep', 'edm', 'electro', 'electronic', 'emo', 'folk', 'forro', 'french', 'funk', 'garage', 'german', 'gospel', 'goth', 'grindcore', 'groove', 'grunge', 'guitar', 'happy', 'hard-rock', 'hardcore', 'hardstyle', 'heavy-metal', 'hip-hop', 'holidays', 'honky-tonk', 'house', 'idm', 'indian', 'indie', 'indie-pop', 'industrial', 'iranian', 'j-dance', 'j-idol', 'j-pop', 'j-rock', 'jazz', 'k-pop', 'kids', 'latin', 'latino', 'malay', 'mandopop', 'metal', 'metal-misc', 'metalcore', 'minimal-techno', 'movies', 'mpb', 'new-age', 'new-release', 'opera', 'pagode', 'party', 'philippines-opm', 'piano', 'pop', 'pop-film', 'post-dubstep', 'power-pop', 'progressive-house', 'psych-rock', 'punk', 'punk-rock', 'r-n-b', 'rainy-day', 'reggae', 'reggaeton', 'road-trip', 'rock', 'rock-n-roll', 'rockabilly', 'romance', 'sad', 'salsa', 'samba', 'sertanejo', 'show-tunes', 'singer-songwriter', 'ska', 'sleep', 'songwriter', 'soul', 'soundtracks', 'spanish', 'study', 'summer', 'swedish', 'synth-pop', 'tango', 'techno', 'trance', 'trip-hop', 'turkish', 'work-out', 'world-music']}",2022-01-14
0jRY4XO556pn1zHZAoY3ph,Tissues,['YUNGBLUD'],Tissues,0.0118,0.608,0.907,0.0,4.0,0.121,89.994,0.818,179.968,0.638,11.0,0.01,0.0,0.276,32.33471,5.68993,"{'genres': ['acoustic', 'afrobeat', 'alt-rock', 'alternative', 'ambient', 'anime', 'black-metal', 'bluegrass', 'blues', 'bossanova', 'brazil', 'breakbeat', 'british', 'cantopop', 'chicago-house', 'children', 'chill', 'classical', 'club', 'comedy', 'country', 'dance', 'dancehall', 'death-metal', 'deep-house', 'detroit-techno', 'disco', 'disney', 'drum-and-bass', 'dub', 'dubstep', 'edm', 'electro', 'electronic', 'emo', 'folk', 'forro', 'french', 'funk', 'garage', 'german', 'gospel', 'goth', 'grindcore', 'groove', 'grunge', 'guitar', 'happy', 'hard-rock', 'hardcore', 'hardstyle', 'heavy-metal', 'hip-hop', 'holidays', 'honky-tonk', 'house', 'idm', 'indian', 'indie', 'indie-pop', 'industrial', 'iranian', 'j-dance', 'j-idol', 'j-pop', 'j-rock', 'jazz', 'k-pop', 'kids', 'latin', 'latino', 'malay', 'mandopop', 'metal', 'metal-misc', 'metalcore', 'minimal-techno', 'movies', 'mpb', 'new-age', 'new-release', 'opera', 'pagode', 'party', 'philippines-opm', 'piano', 'pop', 'pop-film', 'post-dubstep', 'power-pop', 'progressive-house', 'psych-rock', 'punk', 'punk-rock', 'r-n-b', 'rainy-day', 'reggae', 'reggaeton', 'road-trip', 'rock', 'rock-n-roll', 'rockabilly', 'romance', 'sad', 'salsa', 'samba', 'sertanejo', 'show-tunes', 'singer-songwriter', 'ska', 'sleep', 'songwriter', 'soul', 'soundtracks', 'spanish', 'study', 'summer', 'swedish', 'synth-pop', 'tango', 'techno', 'trance', 'trip-hop', 'turkish', 'work-out', 'world-music']}",2022-08-30
5fpq1wF8xa5tSSlcKHdmGQ,sTraNgeRs,['Bring Me The Horizon'],sTraNgeRs,0.000231,0.346,0.939,0.0,5.0,0.182,183.147,0.526,183.269,0.288,2.0,0.415,0.0,0.502,15.40624,17.41136,"{'genres': ['acoustic', 'afrobeat', 'alt-rock', 'alternative', 'ambient', 'anime', 'black-metal', 'bluegrass', 'blues', 'bossanova', 'brazil', 'breakbeat', 'british', 'cantopop', 'chicago-house', 'children', 'chill', 'classical', 'club', 'comedy', 'country', 'dance', 'dancehall', 'death-metal', 'deep-house', 'detroit-techno', 'disco', 'disney', 'drum-and-bass', 'dub', 'dubstep', 'edm', 'electro', 'electronic', 'emo', 'folk', 'forro', 'french', 'funk', 'garage', 'german', 'gospel', 'goth', 'grindcore', 'groove', 'grunge', 'guitar', 'happy', 'hard-rock', 'hardcore', 'hardstyle', 'heavy-metal', 'hip-hop', 'holidays', 'honky-tonk', 'house', 'idm', 'indian', 'indie', 'indie-pop', 'industrial', 'iranian', 'j-dance', 'j-idol', 'j-pop', 'j-rock', 'jazz', 'k-pop', 'kids', 'latin', 'latino', 'malay', 'mandopop', 'metal', 'metal-misc', 'metalcore', 'minimal-techno', 'movies', 'mpb', 'new-age', 'new-release', 'opera', 'pagode', 'party', 'philippines-opm', 'piano', 'pop', 'pop-film', 'post-dubstep', 'power-pop', 'progressive-house', 'psych-rock', 'punk', 'punk-rock', 'r-n-b', 'rainy-day', 'reggae', 'reggaeton', 'road-trip', 'rock', 'rock-n-roll', 'rockabilly', 'romance', 'sad', 'salsa', 'samba', 'sertanejo', 'show-tunes', 'singer-songwriter', 'ska', 'sleep', 'songwriter', 'soul', 'soundtracks', 'spanish', 'study', 'summer', 'swedish', 'synth-pop', 'tango', 'techno', 'trance', 'trip-hop', 'turkish', 'work-out', 'world-music']}",2022-07-06
6JBX1drGsMrTE8JrAYYoou,Somebody That I Used To Know,"['Mayday Parade', 'Vic Fuentes']","Punk Goes Pop, Vol. 5",0.00391,0.457,0.939,9.94e-06,3.0,0.0835,136.064,0.467,135.786,0.529,3.0,0.601,1.0,0.618,29.11356,13.86118,"{'genres': ['acoustic', 'afrobeat', 'alt-rock', 'alternative', 'ambient', 'anime', 'black-metal', 'bluegrass', 'blues', 'bossanova', 'brazil', 'breakbeat', 'british', 'cantopop', 'chicago-house', 'children', 'chill', 'classical', 'club', 'comedy', 'country', 'dance', 'dancehall', 'death-metal', 'deep-house', 'detroit-techno', 'disco', 'disney', 'drum-and-bass', 'dub', 'dubstep', 'edm', 'electro', 'electronic', 'emo', 'folk', 'forro', 'french', 'funk', 'garage', 'german', 'gospel', 'goth', 'grindcore', 'groove', 'grunge', 'guitar', 'happy', 'hard-rock', 'hardcore', 'hardstyle', 'heavy-metal', 'hip-hop', 'holidays', 'honky-tonk', 'house', 'idm', 'indian', 'indie', 'indie-pop', 'industrial', 'iranian', 'j-dance', 'j-idol', 'j-pop', 'j-rock', 'jazz', 'k-pop', 'kids', 'latin', 'latino', 'malay', 'mandopop', 'metal', 'metal-misc', 'metalcore', 'minimal-techno', 'movies', 'mpb', 'new-age', 'new-release', 'opera', 'pagode', 'party', 'philippines-opm', 'piano', 'pop', 'pop-film', 'post-dubstep', 'power-pop', 'progressive-house', 'psych-rock', 'punk', 'punk-rock', 'r-n-b', 'rainy-day', 'reggae', 'reggaeton', 'road-trip', 'rock', 'rock-n-roll', 'rockabilly', 'romance', 'sad', 'salsa', 'samba', 'sertanejo', 'show-tunes', 'singer-songwriter', 'ska', 'sleep', 'songwriter', 'soul', 'soundtracks', 'spanish', 'study', 'summer', 'swedish', 'synth-pop', 'tango', 'techno', 'trance', 'trip-hop', 'turkish', 'work-out', 'world-music']}",2012-11-06
75fDVecaFMegTxBhb4ceqL,Ayye,['Mac Miller'],K.I.D.S. (Deluxe),0.0613,0.764,0.719,0.0,10.0,0.0769,106.96,0.452,107.111,0.58,3.0,0.328,0.0,0.381,20.18957,16.27878,"{'genres': ['acoustic', 'afrobeat', 'alt-rock', 'alternative', 'ambient', 'anime', 'black-metal', 'bluegrass', 'blues', 'bossanova', 'brazil', 'breakbeat', 'british', 'cantopop', 'chicago-house', 'children', 'chill', 'classical', 'club', 'comedy', 'country', 'dance', 'dancehall', 'death-metal', 'deep-house', 'detroit-techno', 'disco', 'disney', 'drum-and-bass', 'dub', 'dubstep', 'edm', 'electro', 'electronic', 'emo', 'folk', 'forro', 'french', 'funk', 'garage', 'german', 'gospel', 'goth', 'grindcore', 'groove', 'grunge', 'guitar', 'happy', 'hard-rock', 'hardcore', 'hardstyle', 'heavy-metal', 'hip-hop', 'holidays', 'honky-tonk', 'house', 'idm', 'indian', 'indie', 'indie-pop', 'industrial', 'iranian', 'j-dance', 'j-idol', 'j-pop', 'j-rock', 'jazz', 'k-pop', 'kids', 'latin', 'latino', 'malay', 'mandopop', 'metal', 'metal-misc', 'metalcore', 'minimal-techno', 'movies', 'mpb', 'new-age', 'new-release', 'opera', 'pagode', 'party', 'philippines-opm', 'piano', 'pop', 'pop-film', 'post-dubstep', 'power-pop', 'progressive-house', 'psych-rock', 'punk', 'punk-rock', 'r-n-b', 'rainy-day', 'reggae', 'reggaeton', 'road-trip', 'rock', 'rock-n-roll', 'rockabilly', 'romance', 'sad', 'salsa', 'samba', 'sertanejo', 'show-tunes', 'singer-songwriter', 'ska', 'sleep', 'songwriter', 'soul', 'soundtracks', 'spanish', 'study', 'summer', 'swedish', 'synth-pop', 'tango', 'techno', 'trance', 'trip-hop', 'turkish', 'work-out', 'world-music']}",2010-08-13
3vT58d8HuLwBWKldRwK9bl,Memories (with WILLOW),"['YUNGBLUD', 'WILLOW']",YUNGBLUD,0.000365,0.431,0.911,0.0,7.0,0.0744,181.996,0.643,181.941,0.373,2.0,0.256,1.0,0.356,23.08133,12.02794,"{'genres': ['acoustic', 'afrobeat', 'alt-rock', 'alternative', 'ambient', 'anime', 'black-metal', 'bluegrass', 'blues', 'bossanova', 'brazil', 'breakbeat', 'british', 'cantopop', 'chicago-house', 'children', 'chill', 'classical', 'club', 'comedy', 'country', 'dance', 'dancehall', 'death-metal', 'deep-house', 'detroit-techno', 'disco', 'disney', 'drum-and-bass', 'dub', 'dubstep', 'edm', 'electro', 'electronic', 'emo', 'folk', 'forro', 'french', 'funk', 'garage', 'german', 'gospel', 'goth', 'grindcore', 'groove', 'grunge', 'guitar', 'happy', 'hard-rock', 'hardcore', 'hardstyle', 'heavy-metal', 'hip-hop', 'holidays', 'honky-tonk', 'house', 'idm', 'indian', 'indie', 'indie-pop', 'industrial', 'iranian', 'j-dance', 'j-idol', 'j-pop', 'j-rock', 'jazz', 'k-pop', 'kids', 'latin', 'latino', 'malay', 'mandopop', 'metal', 'metal-misc', 'metalcore', 'minimal-techno', 'movies', 'mpb', 'new-age', 'new-release', 'opera', 'pagode', 'party', 'philippines-opm', 'piano', 'pop', 'pop-film', 'post-dubstep', 'power-pop', 'progressive-house', 'psych-rock', 'punk', 'punk-rock', 'r-n-b', 'rainy-day', 'reggae', 'reggaeton', 'road-trip', 'rock', 'rock-n-roll', 'rockabilly', 'romance', 'sad', 'salsa', 'samba', 'sertanejo', 'show-tunes', 'singer-songwriter', 'ska', 'sleep', 'songwriter', 'soul', 'soundtracks', 'spanish', 'study', 'summer', 'swedish', 'synth-pop', 'tango', 'techno', 'trance', 'trip-hop', 'turkish', 'work-out', 'world-music']}",2022-09-02
1BPBwKueIEMnUcbbs2te7B,NUMB,['Chri$tian Gate$'],NUMB,0.0575,0.682,0.598,0.0,8.0,0.264,103.791,0.823,101.357,0.567,8.0,0.79,1.0,0.741,13.1085,7.98955,"{'genres': ['acoustic', 'afrobeat', 'alt-rock', 'alternative', 'ambient', 'anime', 'black-metal', 'bluegrass', 'blues', 'bossanova', 'brazil', 'breakbeat', 'british', 'cantopop', 'chicago-house', 'children', 'chill', 'classical', 'club', 'comedy', 'country', 'dance', 'dancehall', 'death-metal', 'deep-house', 'detroit-techno', 'disco', 'disney', 'drum-and-bass', 'dub', 'dubstep', 'edm', 'electro', 'electronic', 'emo', 'folk', 'forro', 'french', 'funk', 'garage', 'german', 'gospel', 'goth', 'grindcore', 'groove', 'grunge', 'guitar', 'happy', 'hard-rock', 'hardcore', 'hardstyle', 'heavy-metal', 'hip-hop', 'holidays', 'honky-tonk', 'house', 'idm', 'indian', 'indie', 'indie-pop', 'industrial', 'iranian', 'j-dance', 'j-idol', 'j-pop', 'j-rock', 'jazz', 'k-pop', 'kids', 'latin', 'latino', 'malay', 'mandopop', 'metal', 'metal-misc', 'metalcore', 'minimal-techno', 'movies', 'mpb', 'new-age', 'new-release', 'opera', 'pagode', 'party', 'philippines-opm', 'piano', 'pop', 'pop-film', 'post-dubstep', 'power-pop', 'progressive-house', 'psych-rock', 'punk', 'punk-rock', 'r-n-b', 'rainy-day', 'reggae', 'reggaeton', 'road-trip', 'rock', 'rock-n-roll', 'rockabilly', 'romance', 'sad', 'salsa', 'samba', 'sertanejo', 'show-tunes', 'singer-songwriter', 'ska', 'sleep', 'songwriter', 'soul', 'soundtracks', 'spanish', 'study', 'summer', 'swedish', 'synth-pop', 'tango', 'techno', 'trance', 'trip-hop', 'turkish', 'work-out', 'world-music']}",2021-06-04
